onset	duration	nwb_table	trial_type	trial_pulse_rate	trial_response	trial_is_good	init_tone	stim_onset	stim_offset	go_tone	first_commit	second_commit
0.015511229773513645	4.174757281553399	trials	Low-rate	6	correct	True	1.112996000000043	1.2119950000001118	2.211995000000112	2.193158000000054	2.451823000000091	2.7338220000001603
0.015513229773421284	6.537216828478965	trials	High-rate	27	correct	True	2.978154000000097	3.114654000000097	4.114654000000097	4.202149999999907	4.6909810000001455	5.06097900000005
0.015513229773460846	4.498381877022654	trials	High-rate	25	correct	True	0.984329000000027	1.0511620000000113	2.0511620000000113	2.0991570000000066	2.7241579999999956	3.067320000000007
0.01551322977358863	6.537216828478965	trials	Low-rate	7	correct	True	3.3458199999998324	3.536152999999933	4.536152999999933	4.540314999999944	4.798314000000013	5.086813000000082
0.015513229773614096	5.9223300970873805	trials	Low-rate	6	correct	True	2.79032200000016	3.012820999999996	4.012820999999996	4.006317000000039	4.29748300000024	4.597481000000145
0.015514229773561549	3.8834951456310685	trials	Low-rate	6	correct	True	0.7043310000002384	0.8083310000000056	1.8083310000000057	1.870660000000149	2.121824999999953	2.403657000000123
0.015516229773456455	5.533980582524274	trials	Low-rate	7	correct	True	2.4089919999999694	2.4623279999999794	3.4623279999999794	3.5711539999999804	3.8454859999999753	4.129651000000012
0.015519229773495265	3.883495145631069	trials	Low-rate	7	correct	True	0.6631640000001062	0.8639960000000428	1.8639960000000428	1.8704920000000858	2.124657000000123	2.4123230000000913
0.015680229773295234	5.63106796116505	trials	Low-rate	6	correct	True	2.674155999999726	2.675489999999758	3.675489999999758	3.6468189999996685	3.9114849999998698	4.202483999999939
0.015680229773453486	4.174757281553399	trials	High-rate	27	correct	True	0.8745019999998621	0.9909960000000428	1.9909960000000428	2.003993000000017	2.3808230000000914	2.7149890000000596
0.01568122977345642	4.692556634304208	trials	Low-rate	6	correct	True	0.6834969999999739	1.4536609999999637	2.453660999999964	2.5541569999999485	2.8191589999999853	3.2759869999999647
0.015681229773568287	5.695792880258901	trials	High-rate	27	incorrect	True	1.5791599999999162	1.9893249999999534	2.9893249999999534	3.087153000000166	3.3463200000000652	3.6301520000002347
0.015682229773448436	6.343042071197413	trials	High-rate	25	incorrect	True	2.3208270000000484	2.352325000000186	3.352325000000186	3.3484880000001285	3.6174869999999646	3.9009860000000334
0.015683229773528675	3.624595469255664	trials	Low-rate	6	correct	True	0.596997999999905	0.6489980000001379	1.6489980000001379	1.61466100000008	1.8756599999999162	2.1741589999999853
0.01584522977331612	5.954692556634305	trials	High-rate	26	incorrect	True	1.9436589999999851	1.9883249999999535	2.9883249999999535	2.9603209999999964	3.224486999999965	3.530150999999838
0.01584522977345527	5.501618122977348	trials	High-rate	26	incorrect	True	0.9711630000000586	1.079829000000027	2.079829000000027	2.1953249999999533	2.757655999999959	3.052320999999996
0.01584622977331814	4.8220064724919105	trials	Low-rate	6	correct	True	1.6378270000000483	1.7408259999998845	2.7408259999998843	2.8021559999999592	3.067654999999795	3.359152999999933
0.015846229773376345	4.174757281553399	trials	High-rate	27	correct	True	0.6866639999998734	0.814163000000175	1.8141630000001752	1.841658999999985	2.345157000000123	2.712155999999959
0.015847229773512973	7.96116504854369	trials	High-rate	27	incorrect	True	3.5324860000000333	3.9133180000002032	4.913318000000203	4.901814000000013	5.31447900000005	5.597310999999987
0.015847229773680322	4.045307443365696	trials	High-rate	27	correct	True	0.7778300000003073	0.9913279999999796	1.9913279999999796	2.008658999999985	2.2564910000001546	2.5661560000001917
0.01584822977345679	5.98705501618123	trials	High-rate	22	correct	True	2.7344899999999908	2.8189899999999906	3.8189899999999906	3.888319000000018	4.24481799999997	4.589150000000023
0.015848229773487713	4.627831715210357	trials	High-rate	27	correct	True	1.2956629999999423	1.3884960000000428	2.388496000000043	2.3683249999999534	2.8639899999999905	3.182155000000028
0.015854229773547144	4.7896440129449855	trials	Low-rate	11	correct	True	1.455996000000043	1.6448279999999795	2.6448279999999795	2.6756570000001227	2.9298230000000913	3.344655000000028
0.01601422977342831	4.5631067961165055	trials	High-rate	27	correct	True	0.845496999999974	1.228162000000011	2.2281620000000113	2.312991000000038	2.785155999999959	3.1479870000000227
0.016014229773516075	4.660194174757282	trials	High-rate	27	incorrect	True	0.6804970000002067	0.6929970000002068	1.6929970000002068	1.6734930000000168	1.9374920000000857	2.226824000000255
0.016014229773572464	4.142394822006473	trials	High-rate	27	correct	True	0.8291670000001322	1.0966630000001751	2.096663000000175	2.0818250000001863	2.4444900000002234	2.7629890000000596
0.016016229773438265	4.46601941747573	trials	Low-rate	6	correct	True	1.4228270000000485	1.519493999999948	2.519493999999948	2.48965699999989	2.7403219999999275	3.0231540000000967
0.016178229773322114	5.6957928802589	trials	Low-rate	9	correct	True	2.448994999999879	2.6163229999998583	3.6163229999998583	3.700650999999838	3.9543169999998065	4.2378159999996425
0.016180229773384364	7.411003236245956	trials	High-rate	26	correct	True	0.7999969999999739	3.789650999999838	4.789650999999838	4.766648999999976	5.691310000000056	6.049641999999992
0.016180229773470084	4.336569579288027	trials	Low-rate	6	no decision	False						
0.016180229773478952	4.304207119741101	trials	Low-rate	9	correct	True	1.0304980000001378	1.291993999999948	2.291993999999948	2.276658000000054	2.6771559999999592	2.9846540000000967
0.016180229773491685	5.533980582524273	trials	High-rate	27	incorrect	True	1.0698300000000744	1.0851630000000587	2.0851630000000587	2.06982500000007	2.7489890000000012	3.060155000000028
0.01618122977345096	4.271844660194175	trials	High-rate	27	correct	True	0.8501629999999423	0.8876639999999898	1.8876639999999898	1.910158999999985	2.505162000000011	2.8663219999999274
0.016183229773457736	4.110032362459548	trials	High-rate	24	correct	True	0.5363310000000056	1.0096629999999422	2.0096629999999425	1.9803239999997895	2.3514909999999216	2.6659899999999905
0.016341229773399885	5.080906148867315	trials	Low-rate	8	incorrect	True	0.5606609999999637	0.677826999999932	1.677826999999932	1.6791559999998427	2.298653999999864	2.6526519999998857
0.01634222977339736	3.8511326860841426	trials	Low-rate	8	correct	True	0.5368279999999795	0.5908269999998156	1.5908269999998157	1.693489999999758	2.1028219999999274	2.403153999999864
0.016344229773449154	3.9482200647249197	trials	High-rate	26	correct	True	0.5366649999999791	0.7444969999999739	1.744496999999974	1.826158999999985	2.1608249999999827	2.5046559999999882
0.0163452297732761	4.077669902912622	trials	Low-rate	6	correct	True	0.560997999999905	0.76849599999981	1.76849599999981	1.8711589999997522	2.41915699999989	2.7179890000000597
0.0163452297732761	4.045307443365696	trials	High-rate	26	correct	True	0.5609969999998575	0.7611629999999423	1.7611629999999423	1.8684919999998528	2.3296570000000063	2.675321999999927
0.0163452297732761	3.8834951456310685	trials	Low-rate	7	no decision	False						
0.0163452297732761	3.689320388349515	trials	Low-rate	7	correct	True	0.5363310000000056	0.6006629999999422	1.6006629999999422	1.6781599999999162	1.9331589999999852	2.2209909999999216
0.016345229773503472	4.627831715210356	trials	High-rate	26	correct	True	0.5608310000000056	1.5706599999999162	2.5706599999999162	2.586155999999959	2.9594879999998955	3.2878199999998325
0.016345229773503472	4.23948220064725	trials	High-rate	27	correct	True	0.5369970000000903	1.1138270000000485	2.1138270000000485	2.133324000000022	2.4724899999999908	2.8113220000000436
0.016345229773503472	4.23948220064725	trials	Low-rate	6	correct	True	0.536829000000027	0.904329000000027	1.904329000000027	1.8838249999999535	2.548488999999943	2.851321000000113
0.016345229773503472	4.207119741100325	trials	Low-rate	7	correct	True	0.5373310000000056	0.7344960000000429	1.734496000000043	1.694158999999985	2.5256560000000174	2.8108250000000115
0.016345229773503472	4.0129449838187705	trials	High-rate	26	correct	True	0.5370010000000475	0.6503290000001434	1.6503290000001434	1.764326000000001	2.258991000000038	2.5908230000000914
0.016345229773503472	3.9482200647249197	trials	Low-rate	6	correct	True	0.5608310000000056	0.9059960000002757	1.9059960000002756	1.8938250000001862	2.324989999999991	2.625656000000192
0.01634622977338726	7.313915857605179	trials	Low-rate	6	correct	True	0.5611640000001061	4.064316000000108	5.064316000000108	5.100979999999981	5.674976999999955	5.980808999999892
0.01634622977338726	5.92233009708738	trials	Low-rate	6	incorrect	True	0.560997999999905	0.7721640000001062	1.7721640000001062	1.9138260000001173	2.133662999999942	2.4854899999999907
0.01634622977338726	4.498381877022655	trials	Low-rate	7	correct	True	0.536997999999905	1.2336620000000111	2.2336620000000114	2.2689899999998744	2.8118219999999274	3.1111539999999804
0.01634622977338726	4.207119741100325	trials	Low-rate	6	correct	True	0.5606649999998045	0.9284969999997411	1.928496999999741	1.9621589999997522	2.552489999999991	2.8604889999998266
0.01634622977338726	4.207119741100325	trials	Low-rate	6	correct	True	0.5611640000001061	1.0648289999999105	2.0648289999999108	2.185658000000054	2.601155999999959	2.885155000000028
0.01634622977338726	4.142394822006473	trials	Low-rate	8	correct	True	0.537497999999905	0.7868289999999106	1.7868289999999105	1.873658999999985	2.42165699999989	2.7074890000000598
0.01634622977338726	4.142394822006473	trials	High-rate	27	correct	True	0.5615009999996983	0.762996999999974	1.762996999999974	1.958491999999853	2.455989999999758	2.8234889999998267
0.01634622977338726	4.045307443365696	trials	High-rate	27	correct	True	0.537497999999905	0.788996999999974	1.788996999999974	1.7533249999999534	2.0048249999999532	2.5588229999998586
0.01634622977338726	4.0129449838187705	trials	Low-rate	6	correct	True	0.560997999999905	0.8023310000000056	1.8023310000000057	1.8283259999998844	2.397494999999879	2.705488999999827
0.01634622977338726	3.8834951456310685	trials	High-rate	27	correct	True	0.5606650000000373	0.7531640000001062	1.753164000000106	1.8133249999999534	2.1988240000000223	2.5439899999999906
0.01634622977338726	3.7864077669902914	trials	Low-rate	7	correct	True	0.560997999999905	0.6443300000000745	1.6443300000000745	1.6238269999998156	1.9829919999998529	2.4734889999998266
0.016346229773414545	6.245954692556635	trials	High-rate	27	incorrect	True	2.398489999999991	2.576155999999959	3.576155999999959	3.573657999999821	3.72481799999997	4.1356500000001395
0.016346229773419547	4.110032362459548	trials	Low-rate	7	correct	True	0.7645019999999786	0.8866630000000004	1.8866630000000004	1.9876569999999483	2.4026570000000067	2.6984890000000012
0.016346229773444104	5.889967637540454	trials	High-rate	24	incorrect	True	0.5368319999999949	2.260824000000022	3.260824000000022	3.2619910000000383	3.544484999999986	3.8408180000000285
0.016346229773444104	4.077669902912622	trials	Low-rate	7	correct	True	0.5366649999999791	0.574664999999979	1.574664999999979	1.6706600000000327	2.337491000000038	2.6419899999999905
0.016346229773444104	3.592233009708738	trials	Low-rate	7	correct	True	0.537164999999979	0.6521639999999898	1.6521639999999898	1.628994000000006	1.8844929999999585	2.190823999999964
0.016346229773472526	3.980582524271845	trials	High-rate	27	correct	True	0.5371650000000373	0.704497000000003	1.704497000000003	1.7559930000000168	2.0111590000000144	2.56099000000002
0.016346229773500948	4.789644012944985	trials	High-rate	26	correct	True	0.5366650000000373	1.6116600000000325	2.6116600000000325	2.607323000000091	3.063320999999996	3.392487000000081
0.016346229773500948	4.0129449838187705	trials	Low-rate	7	correct	True	0.5366649999999208	0.9376629999999423	1.9376629999999422	1.9189929999999003	2.3216579999999376	2.6224899999998743
0.016346229773500948	3.980582524271845	trials	High-rate	26	correct	True	0.5619980000000214	0.8708299999999581	1.870829999999958	1.88916100000008	2.2536579999999375	2.617823000000091
0.016346229773500948	3.7216828478964405	trials	Low-rate	7	correct	True	0.5366660000000848	0.6246640000001061	1.6246640000001062	1.7234930000001332	1.9889930000001332	2.2893240000001387
0.016346229773614634	7.799352750809063	trials	Low-rate	7	incorrect	True	0.5613310000002384	0.6633310000002384	1.6633310000002384	1.6789940000001806	2.1353260000001173	2.484324000000022
0.016346229773614634	6.116504854368933	trials	Low-rate	6	incorrect	True	0.5604980000001378	1.1298289999999105	2.1298289999999107	2.102658000000054	2.354823000000091	2.6674930000002495
0.016346229773614634	5.63106796116505	trials	High-rate	24	correct	True	0.5609960000000428	2.532489999999991	3.532489999999991	3.5864860000000336	3.992817000000039	4.337149000000209
0.016346229773614634	3.8834951456310685	trials	High-rate	27	correct	True	0.5609980000001379	0.8683310000000056	1.8683310000000055	1.8623260000001174	2.2103249999999535	2.5553240000000224
0.016346229773614634	3.8511326860841426	trials	High-rate	26	correct	True	0.561002000000095	0.7934969999999739	1.793496999999974	1.8116599999999161	2.1718249999999535	2.50465699999989
0.016346229773614634	3.754045307443366	trials	Low-rate	6	correct	True	0.5368330000001006	0.5428310000000056	1.5428310000000056	1.53166100000008	2.0483250000001862	2.334996000000043
0.016347229773398378	4.0129449838187705	trials	High-rate	27	no decision	False						
0.01634722977345295	3.9482200647249197	trials	Low-rate	6	correct	True	0.7123310000000056	0.8729969999999739	1.8729969999999738	1.9469920000003185	2.2034910000001546	2.4919890000002924
0.016347229773498423	3.818770226537217	trials	Low-rate	7	correct	True	0.5371650000000373	0.6516640000001062	1.6516640000001062	1.6544940000001807	1.909160000000149	2.3328249999999535
0.016347229773512065	7.443365695792882	trials	High-rate	27	incorrect	True	2.943822000000044	3.346822000000044	4.346822000000044	4.454815999999991	4.724481000000029	5.033480000000098
0.016347229773527528	4.53074433656958	trials	High-rate	24	incorrect	True	0.5749980000001378	0.5813310000002384	1.5813310000002385	1.5371610000000802	1.792160000000149	2.075659000000218
0.01634722977354572	5.9223300970873805	trials	High-rate	26	incorrect	True	1.8294920000000856	1.970658999999985	2.9706589999999853	2.9409880000001287	3.1963200000000653	3.4801530000001657
0.016347229773565727	4.789644012944985	trials	High-rate	27	correct	True	1.224162000000011	1.38716100000008	2.3871610000000802	2.359324000000022	2.96882200000016	3.330820000000298
0.01634822977347225	4.854368932038836	trials	Low-rate	6	correct	True	1.636494000000006	1.7693269999999903	2.7693269999999903	2.7319890000000013	3.139820000000007	3.4391530000000494
0.016349229773435166	3.9482200647249193	trials	High-rate	26	correct	True	0.6263319999999949	0.7244979999999632	1.7244979999999632	1.6986609999999638	2.168326000000001	2.509657999999996
0.016512229773431083	4.23948220064725	trials	High-rate	26	correct	True	0.7529969999999739	1.0178289999999688	2.017828999999969	1.9926579999999958	2.4629929999999587	2.8271549999999697
0.01651422977343513	4.46601941747573	trials	Low-rate	6	correct	True	1.3059949999999954	1.3778279999999794	2.3778279999999796	2.4639899999999906	2.7358219999999855	3.0351539999999804
0.01651422977366887	4.692556634304208	trials	High-rate	26	correct	True	1.2194950000001117	1.335161000000313	2.335161000000313	2.4309900000002234	2.8933270000000486	3.233820000000298
0.016515229773632692	5.339805825242719	trials	High-rate	26	correct	True	2.101493000000017	2.2491599999999163	3.2491599999999163	3.2054890000000595	3.5733209999999964	3.884152000000002
0.017014229773430582	4.045307443365696	trials	High-rate	27	correct	True	0.8114980000001378	0.9253300000000745	1.9253300000000746	1.8884930000000169	2.2799920000000857	2.5949900000002235
0.017179229773455103	7.281553398058254	trials	Low-rate	7	incorrect	True	1.9151589999997523	1.9744920000000856	2.974492000000086	2.999320999999996	3.465818999999901	3.8198179999999704
0.017345229773389786	4.336569579288028	trials	High-rate	24	correct	True	0.5366639999999897	1.0116630000000586	2.0116630000000586	1.974658999999985	2.5634890000000596	2.926158999999985
0.017345229773503473	5.436893203883496	trials	High-rate	27	correct	True	0.5609969999999739	2.1806579999998212	3.1806579999998212	3.3174860000000335	3.78331799999997	4.140483000000008
0.017345229773503473	3.9482200647249197	trials	High-rate	26	correct	True	0.5608320000001695	0.8851640000001062	1.8851640000001062	1.9543269999998156	2.3029930000000167	2.6523230000000915
0.01734622977335452	4.110032362459548	trials	Low-rate	6	correct	True	1.0494960000000428	1.1074950000001118	2.1074950000001116	2.092658000000054	2.354157000000123	2.641823000000091
0.01734622977338726	4.627831715210357	trials	High-rate	26	incorrect	True	0.5369980000001379	0.6176639999998733	1.6176639999998734	1.6321599999999161	1.8959920000000856	2.207490999999922
0.01734622977350095	3.9482200647249197	trials	High-rate	27	correct	True	0.5374980000000215	0.8071639999999898	1.8071639999999898	1.8534930000000167	2.2209910000000384	2.5411570000000063
0.017348229773460427	5.954692556634305	trials	Low-rate	7	incorrect	True	0.601331000000122	0.7311640000001062	1.731164000000106	1.8013260000000009	2.17732500000007	2.491157000000123
0.017513229773523147	4.110032362459548	trials	Low-rate	9	correct	True	0.8979970000000903	1.0161630000000588	2.0161630000000588	2.017826000000117	2.437991000000038	2.7373230000000914
0.017677229773605672	7.249190938511329	trials	High-rate	26	incorrect	True	3.201318000000203	3.2689840000001715	4.268984000000171	4.251979999999981	4.517645000000251	4.806978000000119
0.017844229773423235	5.080906148867315	trials	High-rate	27	correct	True	0.8871580000000541	1.4724899999997578	2.472489999999758	2.466818999999901	2.7341520000000017	3.6091480000000447
0.018013229773473124	5.016181229773464	trials	Low-rate	9	correct	True	1.633996999999974	1.7504930000000167	2.750493000000017	2.814155999999959	3.3211529999999327	3.604652000000002
0.01801322977349495	5.501618122977348	trials	High-rate	26	incorrect	True	1.0411630000000587	1.2169950000000536	2.2169950000000536	2.3308240000000224	2.742822000000044	3.0509880000000122
0.01801422977348515	3.8511326860841426	trials	Low-rate	7	correct	True	0.6258309999999765	0.7871630000000005	1.7871630000000005	1.7626600000000034	2.1541579999999665	2.4343219999999857
0.01818022977359173	4.368932038834953	trials	High-rate	26	correct	True	0.9981630000001751	1.1288289999999106	2.1288289999999104	2.095660000000149	2.5746570000001228	2.918155000000028
0.018182229773346575	6.343042071197413	trials	Low-rate	6	correct	True	0.5613309999997728	3.1808209999997636	4.180820999999764	4.236149999999907	4.635981999999844	5.053646999999881
0.018183229773457737	3.6569579288025893	trials	Low-rate	6	correct	True	0.5613310000002384	0.6624970000002067	1.6624970000002068	1.6789930000000168	1.960158999999985	2.2718250000001863
0.018344229773619686	4.304207119741101	trials	Low-rate	11	correct	True	0.5613310000000056	1.262660000000149	2.262660000000149	2.254325000000186	2.702155999999959	2.9924880000001286
0.018346229773387263	6.957928802588998	trials	High-rate	27	correct	True	0.560997999999905	3.506152000000002	4.506152000000002	4.669148000000044	5.279648000000044	5.619644000000087
0.018346229773387263	3.883495145631069	trials	Low-rate	7	correct	True	0.5606650000000373	0.846496999999974	1.8464969999999739	1.9444920000000856	2.2074910000001546	2.519823000000091
0.018346229773387263	3.786407766990292	trials	Low-rate	6	correct	True	0.5606689999999944	0.6716639999998734	1.6716639999998733	1.6671599999999163	2.0874919999998527	2.4153239999997895
0.018346229773421822	4.886731391585761	trials	High-rate	27	correct	True	0.9349960000000428	1.2688279999999794	2.2688279999999796	2.3254900000002237	2.5759910000001547	3.416653000000166
0.018346229773614636	7.8640776699029145	trials	Low-rate	9	incorrect	True	0.5604980000001378	2.631323000000091	3.631323000000091	3.6039860000000337	4.07265000000014	4.4259830000000076
0.018346229773614636	5.469255663430422	trials	Low-rate	9	incorrect	True	0.5611650000000372	1.0864960000000428	2.086496000000043	2.183158000000054	2.6723229999998583	3.0196550000000277
0.018347229773498425	3.9482200647249197	trials	Low-rate	8	correct	True	0.5614989999998361	0.7873310000000056	1.7873310000000056	1.8778270000000483	2.301991999999853	2.6043239999997896
0.018674229773470455	5.792880258899677	trials	Low-rate	12	incorrect	True	1.0103239999997895	1.677154999999795	2.6771549999997952	2.6479839999999384	2.9964819999998435	3.3429809999999125
0.018846229773540057	4.1747572815534	trials	High-rate	26	correct	True	1.0078310000000057	1.1003299999998417	2.1003299999998415	2.161493000000017	2.517490999999922	2.8673230000000913
0.019012229773371966	5.987055016181231	trials	Low-rate	6	correct	True	2.658155999999959	2.8126549999999115	3.8126549999999115	3.8358179999999704	4.274815999999875	4.5854819999998435
0.019013229773423103	4.110032362459548	trials	Low-rate	6	correct	True	0.9213300000003073	1.0279960000000428	2.027996000000043	2.1249910000001546	2.386824000000255	2.6706550000002607
0.01901322977355407	3.8834951456310685	trials	Low-rate	7	correct	True	0.7529950000001118	0.769996999999974	1.7699969999999738	1.7681599999999162	2.0098249999999536	2.4184899999999905
0.019180229773493505	3.818770226537217	trials	Low-rate	6	correct	True	0.7813300000000745	0.8064960000000428	1.8064960000000427	1.7883260000001173	2.0603249999999536	2.3448240000000222
0.019512229773445636	5.3721682847896455	trials	Low-rate	11	incorrect	True	1.1058289999999689	1.1276619999999529	2.127661999999953	2.1318249999998953	2.6284889999999432	2.9503219999999857
0.019680229773388003	4.854368932038836	trials	High-rate	27	incorrect	True	0.701496999999974	0.7504969999999739	1.750496999999974	1.7714919999998529	2.0138249999999536	2.4259899999999908
0.019680229773480773	4.401294498381879	trials	High-rate	27	correct	True	0.9134960000000428	1.2959949999999953	2.295994999999995	2.3203240000000225	2.6563229999999747	3.021155000000028
0.02034422977339231	3.9482200647249193	trials	High-rate	25	correct	True	0.5363319999999366	0.8556629999999422	1.8556629999999423	1.8493259999998846	2.1938240000000224	2.5498229999999746
0.020346229773472526	3.624595469255664	trials	Low-rate	6	correct	True	0.5369990000000107	0.5579979999999923	1.5579979999999922	1.6458269999999902	1.9049919999999694	2.2013239999999934
0.020680229773486228	5.533980582524274	trials	Low-rate	7	correct	True	1.832158999999985	2.1146579999998214	3.1146579999998214	3.1283209999997634	3.4953189999999013	4.226315999999875
0.021181229773486205	4.951456310679612	trials	High-rate	26	no decision	False						
0.021183229773457737	4.045307443365696	trials	Low-rate	7	correct	True	0.560497999999905	0.6744969999999739	1.674496999999974	1.6819930000000167	2.4103240000000223	2.703655999999959
0.021345229773503473	3.8511326860841426	trials	Low-rate	11	correct	True	0.5373310000000056	0.8381630000001751	1.8381630000001752	1.8586589999999852	2.1228229999998582	2.411655999999959
0.021346229773387262	4.951456310679613	trials	Low-rate	7	incorrect	True	0.5611649999998044	0.7648299999998417	1.7648299999998416	1.781658999999985	2.207490999999922	2.532988999999827
0.021346229773387262	3.9158576051779943	trials	Low-rate	7	correct	True	0.5368310000000056	0.6246639999998733	1.6246639999998733	1.7101599999999162	2.2384909999999216	2.5378219999999274
0.021346229773387262	3.8511326860841426	trials	Low-rate	8	correct	True	0.560997999999905	0.625997999999905	1.625997999999905	1.6508269999998155	2.203490999999922	2.50465699999989
0.021346229773477075	6.245954692556635	trials	High-rate	27	no decision	False						
0.021346229773490488	4.2718446601941755	trials	High-rate	26	correct	True	1.114829000000027	1.1781620000000113	2.178162000000011	2.1721579999999956	2.503489999999991	2.856820999999996
0.021346229773614635	3.9158576051779943	trials	Low-rate	7	correct	True	0.5611650000000372	1.0408289999999105	2.0408289999999107	2.016992000000086	2.2924899999999906	2.59765699999989
0.021347229773385646	5.113268608414241	trials	High-rate	26	correct	True	1.50416100000008	1.7823259999998846	2.7823259999998844	2.892155000000028	3.3888199999998325	3.7339849999998695
0.021510229773482516	4.660194174757283	trials	Low-rate	6	correct	True	1.1438249999999535	1.5769900000002235	2.5769900000002237	2.6604849999998694	2.9338179999999703	3.2251500000001396
0.021512229773415624	5.1132686084142405	trials	High-rate	26	correct	True	1.5824930000000168	1.8306589999999852	2.830658999999985	2.8816549999999115	3.3813199999999486	3.731985999999917
0.021851229773537435	5.63106796116505	trials	High-rate	27	incorrect	True	1.5894940000000644	1.6048270000001648	2.6048270000002813	2.582155999999959	2.888655000000028	3.188654000000097
0.022180229773577177	2.7831715210355994	trials	High-rate	26	no go-tone lick (-4)	False	0.9234960000000428	1.0869950000001118	2.086995000000112			
0.02234322977328115	7.184466019417477	trials	High-rate	27	incorrect	True	0.5603249999999534	3.5731469999998806	4.573146999999881	4.619809000000124	4.878307999999961	5.191973999999929
0.022346229773387263	4.110032362459548	trials	High-rate	26	correct	True	0.5601640000001061	1.1578290000001434	2.1578290000001434	2.241157999999821	2.46415699999989	2.802155000000028
0.022346229773387263	3.786407766990292	trials	Low-rate	6	correct	True	0.5369980000001379	0.6644980000001378	1.664498000000138	1.6839930000000167	1.9274930000000168	2.346655999999959
0.022346229773387263	3.689320388349515	trials	Low-rate	6	correct	True	0.536997999999905	0.6231639999999897	1.6231639999999898	1.708826999999932	1.9769919999999692	2.290158000000054
0.022346229773614636	4.174757281553399	trials	High-rate	27	correct	True	0.7873300000003073	1.014496000000043	2.014496000000043	2.0591580000000542	2.3006570000001227	2.72932200000016
0.022347229773498425	5.372168284789645	trials	Low-rate	7	correct	True	0.5608319999999367	2.3344920000000857	3.3344920000000857	3.3789879999998957	3.7764860000000335	4.08931799999997
0.022347229773498425	4.433656957928804	trials	Low-rate	6	correct	True	0.5611650000000372	1.4911610000000801	2.49116100000008	2.4808230000000915	2.767156000000192	3.0616540000000967
0.02251422977345764	4.142394822006473	trials	High-rate	27	correct	True	0.8369990000000107	0.9378299999999872	1.9378299999999873	1.9249920000000276	2.369991000000009	2.705157000000036
0.022847229773480235	10.711974110032365	trials	Low-rate	6	correct	True	0.8934969999999739	7.5298029999998395	8.52980299999984	8.560632999999914	9.113797000000021	9.415128999999958
0.02318022977331888	4.110032362459548	trials	Low-rate	7	correct	True	0.9224999999997672	1.0823329999998677	2.082332999999868	2.1003249999997204	2.384657999999821	2.6654899999997577
0.02334122977351357	3.6893203883495156	trials	High-rate	26	correct	True	0.5604940000001807	0.7133270000000485	1.7133270000000485	1.6938230000000913	2.0369880000001284	2.3879870000001975
0.02334522977350347	4.045307443365696	trials	High-rate	24	correct	True	0.5609969999999739	0.7566629999999422	1.7566629999999424	1.8878240000000224	2.36965699999989	2.7249890000000594
0.024344229773505997	4.3042071197411005	trials	Low-rate	7	correct	True	0.5368310000000056	0.9053300000000745	1.9053300000000746	1.8958250000000698	2.6176560000000753	2.9119880000001284
0.024346229773500948	4.077669902912622	trials	High-rate	26	correct	True	0.5373310000000056	0.9121629999999422	1.9121629999999423	2.014491999999969	2.351323999999906	2.6924889999999433
0.024346229773614635	13.07443365695793	trials	Low-rate	7	correct	True	0.5608320000001695	9.71696200000029	10.71696200000029	10.75912400000007	11.457288000000174	11.762620000000112
0.024350229773377162	3.754045307443366	trials	Low-rate	7	correct	True	0.5608310000000056	0.642996999999974	1.6429969999999738	1.6768260000001174	2.0978250000001863	2.3979899999999907
0.024513229773506777	3.883495145631069	trials	High-rate	27	correct	True	0.8413299999998417	0.9196650000000373	1.9196650000000373	1.9491589999999852	2.30165699999989	2.5878230000000912
0.02468022977353534	4.110032362459548	trials	High-rate	27	correct	True	0.8363310000000056	0.9329960000000428	1.9329960000000428	1.974658000000054	2.220657000000123	2.658655999999959
0.024846229773503675	5.695792880258901	trials	High-rate	27	incorrect	True	1.1513280000000958	1.379828000000096	2.3798280000000958	2.4123240000000226	2.9491550000000277	3.2549860000000335
0.0250132297734131	5.080906148867315	trials	High-rate	26	correct	True	1.642326999999932	1.7431600000000327	2.7431600000000325	2.8651549999999117	3.3404859999999172	3.7034899999999906
0.025180229773494413	6.051779935275082	trials	High-rate	27	correct	True	2.86765499999997	2.9023219999999856	3.9023219999999856	3.917484999999986	4.2653170000000395	4.613482000000018
0.025346229773387262	4.627831715210357	trials	High-rate	27	incorrect	True	0.536999000000069	0.6729980000001379	1.6729980000001379	1.7526599999999162	2.0099920000000857	2.3039910000001544
0.02534622977350095	1.1974110032362462	trials	High-rate	27	no center lick	False	0.5369980000000214					
0.025346229773614636	4.012944983818771	trials	Low-rate	7	correct	True	0.5609980000001379	0.6629970000002068	1.6629970000002068	1.692660000000149	2.0798249999999534	2.7294890000000596
0.025512229773542953	4.627831715210356	trials	High-rate	24	correct	True	1.3091640000001061	1.3929939999999479	2.392993999999948	2.3509899999999906	2.8338219999999272	3.177153999999864
0.02584722977360938	4.627831715210356	trials	Low-rate	8	correct	True	0.9094970000002067	0.9850010000001639	1.9850010000001639	1.9798260000001173	2.463657000000123	3.2799880000001287
0.02617822977361679	4.3042071197411005	trials	High-rate	27	correct	True	1.1688290000003763	1.2448290000001434	2.2448290000001436	2.2638250000001863	2.6161570000003556	2.970655000000261
0.026341229773513573	4.110032362459548	trials	Low-rate	7	correct	True	0.561160000000149	0.9893249999999534	1.9893249999999534	2.066320000000065	2.4613189999999014	2.767817000000039
0.026346229773387263	6.699029126213594	trials	Low-rate	8	correct	True	0.5606650000000373	3.640652000000002	4.640652000000002	4.774148000000045	5.037147000000114	5.339811999999918
0.026346229773387263	4.174757281553399	trials	Low-rate	8	correct	True	0.5608310000000056	1.0646629999999422	2.064662999999942	2.094658000000054	2.5338259999998844	2.8478219999999275
0.026346229773444106	4.919093851132687	trials	High-rate	27	correct	True	1.0086620000000113	1.1293279999999795	2.1293279999999797	2.1048250000000115	2.789988000000012	3.5176520000000018
0.026847229773422025	3.786407766990292	trials	Low-rate	7	correct	True	0.7209969999997411	0.8343299999998417	1.8343299999998417	1.795158999999985	2.0571579999998213	2.342489999999991
0.02717922977340781	5.242718446601943	trials	Low-rate	7	incorrect	True	0.8278299999998416	1.0246619999998947	2.024661999999895	2.142989999999874	2.4816559999998424	2.8356549999999117
0.027345229773503472	4.3042071197411005	trials	Low-rate	10	correct	True	0.5366650000000373	0.9264970000000904	1.9264970000000903	1.9059930000000167	2.6046570000000067	2.9098220000000437
0.027346229773500947	7.66990291262136	trials	High-rate	24	correct	True	0.5369980000000214	4.549313999999897	5.549313999999897	5.614810999999987	5.968809999999939	6.275474999999977
0.02751422977344877	2.815533980582525	trials	Low-rate	7	no center lick	False	2.36149099999998					
0.028183229773355873	5.436893203883495	trials	High-rate	27	incorrect	True	1.248162000000011	1.273494999999879	2.273494999999879	2.348658000000054	2.9949889999998267	3.288653999999864
0.02834622977338726	3.8834951456310685	trials	High-rate	27	correct	True	0.5373319999997038	0.8876619999997784	1.8876619999997784	1.8981599999999161	2.128658999999985	2.433990999999689
0.028346229773420002	4.8220064724919105	trials	Low-rate	7	correct	True	1.4618270000000484	1.643659000000218	2.643659000000218	2.727820999999996	3.1618200000000654	3.4684860000000337
0.028346229773500948	4.854368932038836	trials	High-rate	25	correct	True	0.5368319999999949	0.8629970000000321	1.8629970000000322	1.9171590000000434	2.8496560000000755	3.4351530000000494
0.028346229773500948	3.689320388349515	trials	Low-rate	8	correct	True	0.5604980000000214	0.5674980000000214	1.5674980000000214	1.61116100000008	1.8918250000000698	2.320158000000054
0.028347229773498423	4.498381877022655	trials	Low-rate	6	correct	True	0.9118300000000745	1.3676610000000802	2.36766100000008	2.4149899999999906	2.682155000000028	3.0913200000000653
0.028513229773317602	4.174757281553399	trials	Low-rate	6	correct	True	0.8253299999998417	0.9351629999999422	1.9351629999999422	2.0178249999999536	2.43515699999989	2.727321999999927
0.02851422977345423	4.692556634304208	trials	High-rate	27	incorrect	True	0.8536630000001751	0.8549990000000689	1.854999000000069	1.954658999999985	2.2199909999999217	2.5129899999999905
0.02901322977345039	3.9482200647249197	trials	Low-rate	6	correct	True	1.0111629999999423	1.0601629999999422	2.0601629999999425	2.0323260000000007	2.2993239999999058	2.586822999999975
0.0290132297734995	5.307443365695794	trials	High-rate	27	incorrect	True	0.9581629999999423	1.0598290000001434	2.0598290000001436	2.0458249999999536	2.563155999999959	2.8819880000001286
0.02917822977332211	4.595469255663431	trials	High-rate	27	correct	True	1.1186620000000111	1.25016100000008	2.2501610000000802	2.334157000000123	2.821154999999795	3.1399860000000337
0.029346229773387262	3.9482200647249197	trials	High-rate	27	correct	True	0.5368319999998202	0.8606639999998733	1.8606639999998733	1.8563269999999321	2.1888259999998847	2.5294899999998743
0.02934622977350095	3.7216828478964405	trials	Low-rate	7	correct	True	0.5373320000000531	0.5413320000000531	1.541332000000053	1.6229930000001331	2.0518250000000697	2.3623240000001386
0.029346229773614636	3.7540453074433664	trials	High-rate	24	correct	True	0.5366639999998734	0.5899969999999739	1.589996999999974	1.636660000000149	1.9921590000002178	2.294157000000123
0.029347229773465683	3.9482200647249197	trials	High-rate	26	correct	True	0.7936640000001062	1.087662000000244	2.087662000000244	2.0744920000000855	2.3288240000002554	2.6553230000003243
0.029509229773461623	5.598705501618124	trials	High-rate	26	correct	True	2.348652999999991	2.3874860000000044	3.3874860000000044	3.3453159999999915	3.8408129999999945	4.181812000000005
0.029512229773388337	4.8220064724919105	trials	High-rate	25	correct	True	1.3478279999999796	1.54566100000008	2.54566100000008	2.6179890000000596	3.0668209999999965	3.4129860000000334
0.030014229773470145	4.368932038834952	trials	Low-rate	7	correct	True	0.8546629999999422	0.9074959999999846	1.9074959999999845	2.0004919999999693	2.331322999999975	2.955987999999954
0.03034622977351641	7.0226537216828495	trials	High-rate	27	correct	True	1.0876620000000112	3.898150999999838	4.898150999999838	4.9951459999999495	5.339312000000151	5.687476999999955
0.03084622977353551	6.084142394822007	trials	High-rate	26	correct	True	2.779988999999943	2.9544890000000597	3.9544890000000597	3.965984999999986	4.3228159999999916	4.69081500000006
0.03117922977347693	6.957928802588998	trials	High-rate	26	incorrect	True	2.5898230000000915	2.7963240000000225	3.7963240000000225	3.756655999999959	4.028149999999907	4.316648999999976
0.03134622977338726	12.686084142394824	trials	High-rate	26	correct	True	0.5371639999999898	9.38446199999994	10.38446199999994	10.347625	10.93228999999992	11.282291999999899
0.03134622977338726	3.6893203883495156	trials	High-rate	26	correct	True	0.536997999999905	0.5528319999999367	1.5528319999999367	1.6069939999999479	1.9398259999998846	2.2968249999999535
0.031349229773266	3.9805825242718456	trials	High-rate	27	correct	True	0.5614969999999739	0.923999000000069	1.9239990000000688	1.9784920000000856	2.340989999999991	2.685156000000192
0.03151922977354347	4.466019417475729	trials	High-rate	27	correct	True	0.9168299999999581	1.1526630000000586	2.1526630000000586	2.26532500000007	2.7531560000000757	3.103988000000012
0.03184522977349029	6.666666666666668	trials	High-rate	27	correct	True	2.80298800000007	2.9834880000000705	3.9834880000000705	4.056150000000024	4.447815000000002	5.250811000000045
0.03184722977353117	6.634304207119743	trials	High-rate	27	incorrect	True	2.885154999999795	2.9919890000000597	3.9919890000000597	3.946654999999795	4.208649999999907	4.498315999999876
0.03218022977341711	4.336569579288027	trials	High-rate	27	correct	True	0.7888339999997989	1.1553289999999106	2.155328999999911	2.1654909999999217	2.629989999999758	2.983655000000028
0.03218022977347214	5.339805825242719	trials	Low-rate	7	incorrect	True	0.8419970000000321	1.136329000000027	2.136329000000027	2.1164959999999846	2.566823000000033	2.9194890000000013
0.03218022977349578	5.469255663430422	trials	Low-rate	9	correct	True	2.3268240000000224	2.5089900000000487	3.5089900000000487	3.5074860000000334	3.765151000000013	4.065817000000039
0.032180229773593555	5.436893203883496	trials	Low-rate	8	correct	True	2.3233240000002553	2.3524920000003187	3.3524920000003187	3.3303200000000652	3.59131799999997	4.011484000000172
0.032345229773458	4.142394822006473	trials	High-rate	26	correct	True	0.97199599999981	1.176994999999646	2.1769949999996463	2.175990999999689	2.544489999999991	2.8823219999999274
0.03234522977350347	10.355987055016184	trials	Low-rate	8	correct	True	0.5609980000001379	7.409137000000104	8.409137000000104	8.508966000000248	8.781465000000084	9.088630000000121
0.03234622977338726	7.055016181229775	trials	Low-rate	6	no decision	False						
0.03234622977338726	6.666666666666668	trials	Low-rate	6	correct	True	0.5609980000001379	3.6373179999999703	4.63731799999997	4.620316000000108	5.0314799999999815	5.34597900000005
0.03234622977338726	3.8511326860841426	trials	High-rate	27	correct	True	0.560997999999905	0.6671639999998733	1.6671639999998733	1.7689939999999478	2.1179919999998527	2.473989999999991
0.03234722977349842	4.498381877022655	trials	Low-rate	12	correct	True	0.5613319999999367	1.4163290000001434	2.4163290000001436	2.5174910000001547	2.9244900000002234	3.2124880000001284
0.03251322977345949	4.595469255663431	trials	High-rate	26	correct	True	1.3029939999999478	1.390659999999916	2.390659999999916	2.4636559999998426	2.8058199999999487	3.186985999999917
0.032513229773552255	4.142394822006474	trials	High-rate	27	no decision	False						
0.03284622977344638	4.23948220064725	trials	High-rate	26	correct	True	1.1424950000001117	1.1838290000001435	2.1838290000001432	2.1569910000000383	2.5186570000000064	2.8454890000000597
0.03334622977338726	4.46601941747573	trials	Low-rate	7	correct	True	0.560997999999905	1.366494999999879	2.366494999999879	2.4004909999999215	2.8143219999999274	3.105655000000028
0.03334622977350095	7.961165048543691	trials	Low-rate	6	incorrect	True	0.5371639999999898	3.4169860000000334	4.416986000000033	4.463482000000076	5.18997900000005	5.527310000000056
0.03334622977350095	4.077669902912623	trials	High-rate	23	correct	True	0.5368310000000056	0.7831640000001062	1.783164000000106	1.8669930000000168	2.309491000000038	2.6476570000000064
0.03334622977350095	3.5275080906148872	trials	Low-rate	7	correct	True	0.5369980000000796	0.5639980000000214	1.5639980000000213	1.591494000000006	1.8603260000000592	2.14382500000007
0.03351322977332852	5.469255663430422	trials	High-rate	27	incorrect	True	1.208994999999879	1.2369949999998788	2.236994999999879	2.19665699999989	2.774487999999663	3.066153999999864
0.033513229773501324	6.051779935275082	trials	Low-rate	6	correct	True	2.8721550000000278	3.0693209999999964	4.069320999999996	4.060648999999976	4.333648999999975	4.621980999999913
0.033680229773463494	4.498381877022655	trials	High-rate	26	correct	True	1.1849949999999954	1.3531609999999636	2.3531609999999636	2.436157000000123	2.7729890000000594	3.1073209999999962
0.03417922977350149	4.919093851132687	trials	Low-rate	7	correct	True	1.5263270000000484	1.55416100000008	2.55416100000008	2.577322999999975	2.967822000000044	3.5428190000000175
0.03418022977349169	5.275080906148868	trials	Low-rate	6	correct	True	1.3789939999999479	2.019990999999922	3.019990999999922	3.123319000000134	3.7006510000000707	3.9919840000001714
0.034341229773513574	1.0032362459546929	trials	High-rate	25	no center lick	False	0.5368270000000485					
0.03434622977350095	4.077669902912622	trials	High-rate	24	correct	True	0.537164999999979	0.8988300000000163	1.8988300000000162	1.862158999999985	2.1254919999999693	2.677656000000017
0.03434822977338221	5.177993527508092	trials	Low-rate	7	incorrect	True	0.5608310000000056	0.8661629999999423	1.8661629999999423	1.9429920000000858	2.4328229999998583	2.7639880000000123
0.03451822977353963	6.957928802588997	trials	High-rate	27	correct	True	2.9186550000000278	3.6773179999999703	4.67731799999997	4.756314000000013	5.212646000000066	5.574145000000018
0.03467822977343853	5.792880258899677	trials	Low-rate	9	incorrect	True	1.0093289999999107	1.3336609999999636	2.333660999999964	2.442822999999975	2.695321999999927	3.388652999999933
0.034847229773483875	6.019417475728156	trials	High-rate	27	correct	True	0.6146639999998733	2.785320999999996	3.785320999999996	3.865651000000071	4.333482000000076	4.6671480000000445
0.034847229773499334	5.016181229773464	trials	Low-rate	6	incorrect	True	0.7488310000000056	0.8463299999999581	1.846329999999958	1.8758260000000009	2.242324000000139	2.5748230000000913
0.03518122977344733	4.142394822006474	trials	High-rate	26	correct	True	0.7548360000001266	0.9813290000001434	1.9813290000001433	1.9463260000000009	2.403657000000123	2.7593220000000436
0.03518322977348616	3.721682847896441	trials	High-rate	26	correct	True	0.5368309999999765	0.5543310000000056	1.5543310000000057	1.571993999999977	1.9524919999999693	2.29799099999998
0.03534422977339231	13.624595469255667	trials	Low-rate	6	incorrect	True	0.5608299999998416	8.410131999999983	9.410131999999983	9.505460999999894	9.88962599999993	10.2137919999999
0.0353452297732761	5.1132686084142405	trials	Low-rate	7	correct	True	0.5606639999998734	2.0653249999999534	3.0653249999999534	3.1824869999999645	3.4753189999999012	3.8129849999998697
0.03534522977344663	3.980582524271845	trials	High-rate	27	correct	True	0.5368310000000347	0.6328299999999872	1.6328299999999871	1.7268260000000009	1.984494000000006	2.5389899999999908
0.035345229773503475	10.226537216828483	trials	Low-rate	7	no decision	False						
0.035345229773503475	7.313915857605179	trials	Low-rate	6	incorrect	True	0.5608310000000056	3.4509869999999645	4.450986999999965	4.514982000000076	4.900147000000113	5.213813000000082
0.035345229773503475	3.6569579288025893	trials	Low-rate	7	correct	True	0.5608310000000056	0.729496999999974	1.7294969999999739	1.7361589999999851	2.001158000000054	2.320989999999991
0.035346229773387264	10.323624595469258	trials	High-rate	26	correct	True	0.5608309999997727	7.135638000000036	8.135638000000036	8.172299999999813	8.661465999999782	9.023797999999951
0.035346229773387264	4.110032362459548	trials	High-rate	24	correct	True	0.5611639999998733	0.9154960000000428	1.915496000000043	1.9723260000001173	2.42615699999989	2.765488999999827
0.03534622977347253	4.401294498381877	trials	High-rate	26	no decision	False						
0.035347229773476374	4.077669902912621	trials	Low-rate	6	correct	True	0.950997000000003	1.0004960000000138	2.000496000000014	2.0911570000000066	2.246823999999993	2.6679890000000013
0.03568322977348639	5.048543689320389	trials	High-rate	26	incorrect	True	0.980329000000027	1.0946620000000111	2.094662000000011	2.07299099999998	2.323490000000049	2.6226559999999592
0.036179229773462385	5.04854368932039	trials	Low-rate	7	correct	True	2.0063250000001864	2.1216580000000542	3.1216580000000542	3.0856540000000967	3.346653000000166	3.6453190000001343
0.036344229773392314	4.304207119741101	trials	Low-rate	7	correct	True	0.5608300000000745	1.438660000000149	2.438660000000149	2.4454890000000598	2.70282200000016	2.9846540000000967
0.036344229773392314	3.8834951456310685	trials	High-rate	27	correct	True	0.560997999999905	0.7118300000000745	1.7118300000000746	1.836158999999985	2.205158000000054	2.541155999999959
0.036344229773506	3.6569579288025893	trials	Low-rate	6	correct	True	0.5369980000000214	0.7856630000000586	1.7856630000000586	1.7536600000000326	2.0051590000001016	2.2958240000000223
0.036346229773387265	8.83495145631068	trials	High-rate	21	correct	True	0.5373310000000056	5.632476999999955	6.632476999999955	6.641639999999898	6.88863899999985	7.447136999999988
0.036346229773387265	6.569579288025891	trials	High-rate	26	correct	True	0.5614980000001378	3.114487999999896	4.114487999999896	4.235316000000108	4.933314000000246	5.27647900000005
0.036346229773387265	5.113268608414241	trials	Low-rate	7	correct	True	0.5614980000001378	2.2128249999999534	3.2128249999999534	3.226653999999864	3.5083199999998325	3.819652000000002
0.036346229773387265	3.9482200647249193	trials	Low-rate	12	correct	True	0.536997999999905	0.8221639999998733	1.8221639999998733	1.8828259999998844	2.276824999999837	2.5701570000000067
0.03634622977350095	3.915857605177994	trials	Low-rate	7	correct	True	0.537164999999979	0.7346639999999898	1.7346639999999898	1.7113269999999903	2.212657999999996	2.5028219999999854
0.03634622977361464	3.754045307443366	trials	High-rate	27	correct	True	0.5611640000001061	0.5886640000001062	1.5886640000001062	1.6009930000000168	2.105658000000287	2.455657000000123
0.03634722977349115	5.145631067961166	trials	High-rate	26	incorrect	True	1.0614949999998788	1.179994999999879	2.179994999999879	2.220490999999922	2.4913229999998583	2.7944879999998955
0.036680229773420746	4.1747572815534	trials	Low-rate	8	correct	True	0.9295009999999311	1.0314959999998101	2.03149599999981	2.091991999999853	2.5058239999997896	2.8153219999999273
0.03701322977342674	5.6957928802589	trials	Low-rate	6	correct	True	2.5239900000002233	2.6654890000000595	3.6654890000000595	3.782652000000002	4.051817000000039	4.360315999999875
0.037013229773601365	4.433656957928804	trials	High-rate	25	correct	True	1.0246629999999421	1.1763289999999107	2.1763289999999107	2.261658000000054	2.7693219999999275	3.118487999999896
0.037346229773387266	8.349514563106798	trials	Low-rate	6	correct	True	0.5609980000001379	5.29047900000005	6.29047900000005	6.314475000000093	6.731306000000099	7.013804999999935
0.037346229773387266	3.8834951456310685	trials	High-rate	24	correct	True	0.561497999999905	0.7984969999999739	1.798496999999974	1.7884930000000168	2.1901579999998213	2.5094899999999907
0.03734722977347478	4.207119741100325	trials	High-rate	27	correct	True	0.7881640000001062	0.9038300000000745	1.9038300000000745	1.9598260000001173	2.435824000000255	2.765827000000048
0.037513229773476764	4.1747572815534	trials	High-rate	26	correct	True	0.6503300000000163	1.0376620000000112	2.037662000000011	2.1086579999999957	2.430989000000001	2.7663219999999855
0.03767922977343669	4.045307443365696	trials	Low-rate	7	no decision	False						
0.03801322977332124	7.37864077669903	trials	High-rate	26	correct	True	1.0079960000000427	4.358149999999907	5.358149999999907	5.362143999999855	5.712643999999854	6.061808999999892
0.03818022977343894	4.401294498381878	trials	High-rate	27	incorrect	True	0.7159969999999739	0.8539960000000428	1.8539960000000428	1.856158999999985	2.1044909999999217	2.5214889999998267
0.03834622977354279	3.851132686084143	trials	Low-rate	6	correct	True	0.7909960000000429	0.8716629999999422	1.8716629999999423	1.8964910000000381	2.1693240000000222	2.467822999999975
0.039013229773449024	4.660194174757282	trials	Low-rate	6	correct	True	1.2011620000000112	1.598994000000006	2.598994000000006	2.568322999999975	2.8376549999999696	3.2686539999999806
0.03934522977338979	3.6893203883495156	trials	Low-rate	9	correct	True	0.5373299999999581	0.7183299999998417	1.7183299999998416	1.7804929999999004	2.05215699999989	2.346823999999906
0.03934622977338727	4.368932038834953	trials	High-rate	26	correct	True	0.560997999999905	1.185662000000011	2.1856620000000113	2.1868240000000223	2.6653219999999274	2.981819999999949
0.04018022977345713	5.275080906148868	trials	High-rate	26	correct	True	1.4519949999999953	1.6543259999998845	2.6543259999998847	2.6563229999999747	3.5126530000000495	3.9024850000001026
0.04034522977350347	3.818770226537217	trials	High-rate	27	correct	True	0.536997999999905	0.5551639999998733	1.5551639999998734	1.5106650000000372	1.7821589999997522	2.3699909999999216
0.04034622977338726	4.0129449838187705	trials	High-rate	27	correct	True	0.560997999999905	0.914996999999974	1.9149969999999739	2.034658999999752	2.285157999999821	2.6758230000000913
0.04034622977350095	4.110032362459548	trials	High-rate	26	correct	True	0.5366650000001537	0.9679960000001593	1.9679960000001593	2.016826000000001	2.378157000000123	2.700323000000091
0.040346229773614635	3.9482200647249193	trials	High-rate	27	correct	True	0.5609980000001379	0.6238310000000056	1.6238310000000056	1.661160000000149	2.2814910000001545	2.6363230000000915
0.040513229773499505	4.919093851132687	trials	High-rate	27	correct	True	1.5281609999999637	1.6328270000000484	2.632827000000048	2.7309890000000596	3.2271539999999805	3.5768190000000177
0.040846229773406365	4.660194174757282	trials	Low-rate	6	correct	True	1.0991629999999422	1.2498289999999106	2.2498289999999104	2.2486579999999377	2.973322000000044	3.2643209999999963
0.04101222977348111	4.8543689320388355	trials	High-rate	27	correct	True	1.0104960000000138	1.4773269999999903	2.47732699999999	2.5256570000000065	3.101988000000012	3.4431529999999912
0.04118022977336436	4.5631067961165055	trials	High-rate	27	correct	True	1.173494999999879	1.195994999999879	2.195994999999879	2.2544909999999216	2.5119899999999906	3.1099869999997316
0.041346229773614636	4.142394822006474	trials	High-rate	26	correct	True	0.5613349999999627	0.8018300000000745	1.8018300000000744	1.7714960000000428	2.2379910000001546	2.8158219999999274
0.04151422977338511	4.983818770226538	trials	High-rate	26	incorrect	True	0.6734969999999739	0.8018300000000745	1.8018300000000744	1.8604930000002495	2.1073249999999533	2.551490999999922
0.042179229773455104	7.766990291262138	trials	High-rate	27	correct	True	4.292315999999992	4.59148199999996	5.59148199999996	5.558645000000019	6.019475999999966	6.380141000000004
0.042347229773498425	5.210355987055017	trials	High-rate	27	correct	True	0.5611659999999683	1.9189930000000168	2.918993000000017	3.035155000000028	3.5054860000000336	3.862152000000002
0.04251122977351911	4.951456310679612	trials	High-rate	26	correct	True	1.567658999999985	1.6563259999998845	2.6563259999998845	2.674655000000028	2.9514869999999647	3.51331799999997
0.0433452297732761	4.692556634304207	trials	High-rate	26	correct	True	0.5613310000000056	1.7176589999999852	2.717658999999985	2.690656000000192	3.0351540000000967	3.3999860000000335
0.043346229773387264	4.660194174757282	trials	High-rate	27	correct	True	0.5613319999999367	1.5579950000001117	2.557995000000112	2.5323240000000222	3.0119890000000598	3.350152999999933
0.044014229773408756	4.0129449838187705	trials	Low-rate	9	correct	True	0.8443310000000056	0.857496999999974	1.857496999999974	1.9191599999999163	2.186158000000054	2.5998230000000913
0.045346229773387266	4.174757281553399	trials	High-rate	26	correct	True	0.560997999999905	1.107496000000043	2.107496000000043	2.121992000000086	2.522157000000123	2.883154000000097
0.04534622977350095	4.207119741100325	trials	High-rate	27	correct	True	0.5369980000000214	0.8589970000000904	1.8589970000000904	1.8823260000000008	2.4769899999999905	2.81798900000006
0.04618022977354262	5.98705501618123	trials	High-rate	27	incorrect	True	2.41115699999989	2.4283220000001604	3.4283220000001604	3.3968189999999012	3.6476520000000017	3.9299839999999384
n/a	n/a	trials	High-rate	27	no decision	False						
n/a	n/a	trials	Low-rate	9	no decision	False						
n/a	n/a	trials	High-rate	27	no decision	False						
n/a	n/a	trials	High-rate	26	no decision	False						
